do_sample,MRR,MAP,P@1,P@3,P@5,P@15
True,0.04211,0.02083,0.02933,0.02389,0.02006,0.01894
