max_length,MRR,MAP,P@1,P@3,P@5,P@15
100,0.02417,0.01234,0.015,0.01333,0.01194,0.01155
