no_repeat_ngram_size,MRR,MAP,P@1,P@3,P@5,P@15
1,0.03811,0.01829,0.02733,0.02067,0.01727,0.01639
