num_return_sequences,MRR,MAP,P@1,P@3,P@5,P@15
1,0.03733,0.01818,0.026,0.02067,0.01727,0.01639
