num_beams,MRR,MAP,P@1,P@3,P@5,P@15
5,0.00833,0.00537,0.0,0.00556,0.00556,0.00556
