temperature,MRR,MAP,P@1,P@3,P@5,P@15
0.5,0.03083,0.01516,0.02167,0.01639,0.01464,0.01406
