top_p,MRR,MAP,P@1,P@3,P@5,P@15
0.9,0.04144,0.02015,0.02933,0.02311,0.01921,0.01811
