do_sample,MRR,MAP,P@1,P@3,P@5,P@15
True,0.042,0.01973,0.03,0.02278,0.01868,0.0176
False,0.04311,0.02153,0.02933,0.025,0.02076,0.01958
