do_sample,MRR,MAP,P@1,P@3,P@5,P@15
True,0.02667,0.01347,0.01833,0.01444,0.01306,0.01266
False,0.03083,0.01516,0.02167,0.01639,0.01464,0.01406
