no_repeat_ngram_size,MRR,MAP,P@1,P@3,P@5,P@15
1,0.03733,0.01818,0.026,0.02067,0.01727,0.01639
2,0.03733,0.01815,0.02533,0.02089,0.01726,0.01636
3,0.03667,0.01796,0.02467,0.02067,0.01712,0.01622
4,0.03733,0.01815,0.02533,0.02089,0.01726,0.01636
