num_beams,MRR,MAP,P@1,P@3,P@5,P@15
1,0.03111,0.01487,0.02133,0.017,0.01416,0.01333
2,0.042,0.02062,0.02933,0.02344,0.01961,0.01861
3,0.03967,0.01911,0.02667,0.022,0.01811,0.01721
4,0.03811,0.01826,0.02667,0.02089,0.01726,0.01636
