num_return_sequences,MRR,MAP,P@1,P@3,P@5,P@15
1,0.032,0.01498,0.02333,0.017,0.01416,0.01333
23,0.0577,0.03985,0.02467,0.02389,0.03127,0.05123
45,0.04689,0.03699,0.01467,0.018,0.02576,0.05847
67,0.03751,0.03066,0.00933,0.01422,0.01984,0.05215
89,0.03375,0.02649,0.00733,0.01256,0.0165,0.04404
