temperature,MRR,MAP,P@1,P@3,P@5,P@15
0.1,0.032,0.01498,0.02333,0.017,0.01416,0.01333
0.3333333333333333,0.032,0.01498,0.02333,0.017,0.01416,0.01333
0.5666666666666667,0.03167,0.01477,0.02333,0.01678,0.01393,0.0131
0.7999999999999999,0.03478,0.01648,0.02467,0.019,0.01566,0.01472
1.0333333333333332,0.04128,0.0204,0.02867,0.02367,0.01961,0.0185
1.2666666666666666,0.03393,0.01968,0.018,0.02122,0.01951,0.01908
1.5,0.02006,0.01119,0.01,0.011,0.01134,0.01131
