top_p,MRR,MAP,P@1,P@3,P@5,P@15
0.9,0.04144,0.02015,0.02933,0.02311,0.01921,0.01811
0.92,0.04189,0.02031,0.02933,0.02333,0.01934,0.01822
0.94,0.04222,0.02048,0.02933,0.02356,0.01951,0.01839
0.97,0.04289,0.02106,0.02933,0.02433,0.02011,0.01899
0.99,0.04256,0.02075,0.02933,0.024,0.01978,0.01865
